Дарья, 1215603439, /hello
Дарья, 1215603439, /sum
Дарья, 1215603439, /sum 50 35
Дарья, 1215603439, /help
Дарья, 1215603439, /help
Дарья, 1215603439, /help
Дарья, 1215603439, /help
Дарья, 1215603439, /love
Дарья, 1215603439, /dif 50 15
Margarita, 2031186103, /help
Nikita, 703883689, /help
Nikita, 703883689, /love
Anton Umarov, 223250790, /help
Anton Umarov, 223250790, /love
Anton Umarov, 223250790, /dif
Marina, 1202069036, /sum 4 5
Chris, 163260384, /help
Chris, 163260384, /time
Chris, 163260384, /sum
Chris, 163260384, /sum
Chris, 163260384, /love
Gmurio, 401944519, /help
Светлана, 1970445247, /help
Светлана, 1970445247, /love
Светлана, 1970445247, /hello
Светлана, 1970445247, /time
рыжик, 1388633120, /help
рыжик, 1388633120, /sum
рыжик, 1388633120, /love
рыжик, 1388633120, /time
рыжик, 1388633120, /hello
Олег, 187591547, /help
Олег, 187591547, /hello
Олег, 187591547, /love
Andrey, 467452875, /help
Andrey, 467452875, /love
Asya, 275729179, /hello
Asya, 275729179, /help
Asya, 275729179, /time
Asya, 275729179, /sum
Asya, 275729179, /love
Alexander, 1922797485, /help
Alexander, 1922797485, /help
Александр, 1273471788, /help
Александр, 1273471788, /help
Александр, 1273471788, /time
Александр, 1273471788, /help
Александр, 1273471788, /help
Andrey, 467452875, /time
Nikita, 703883689, /love
Дмитрий, 458229976, /help
Тина, 2022605440, /help
Тина, 2022605440, /help
Сергей, 428548883, /help
Дарья, 1215603439, /hello
Дарья, 1215603439, /love
Тина, 2022605440, /hello
Тина, 2022605440, /time
Тина, 2022605440, /sum
Тина, 2022605440, /sum 2 3
Тина, 2022605440, /dif 6 3
Дарья, 1215603439, /dif
Тина, 2022605440, /love
Дарья, 1215603439, /dif 10 3
Александр, 1273471788, /love
Дарья, 1215603439, /help
Владимир, 1310723926, /help
Владимир, 1310723926, /hello
Владимир, 1310723926, /time
Владимир, 1310723926, /dif
Владимир, 1310723926, /dif 12 5
Владимир, 1310723926, /love
Владимир, 1310723926, /love
Дмитрий, 458229976, /love
Andrey, 467452875, /love
Andrey, 467452875, /love
Andrey, 467452875, /love
Strannovata, 908601506, /help
Strannovata, 908601506, /love
Strannovata, 908601506, /hello
Margarita, 2031186103, /hello
Margarita, 2031186103, /love
Margarita, 2031186103, /help
Margarita, 2031186103, /sum
Margarita, 2031186103, /sum
